id,title,duration_sec,upload_date,category
sdI4LYfbOOI,Sam Frank REACTS to the best Filipino street interviews ??,59,,street interview
7BeNkaIqmco,Ranking Best Filipino Street Interviews (Part 6),58,,street interview
z3gKlcITj3c,Ranking Funniest Street Interview  Moments P.2 || #shorts #ranking #rankingmoments #bestmoments,44,,street interview
95_XPWO479M,Ranking the funniest nduru street interviews #top5 #ranking #streetinterview #shorts #viral,84,,street interview
8kggT2ej-lo,Would You Pet a Cheetah in Africa?,39,,street interview
dh0__PJZIg,Top 5 the most weird street interview #top5 #funny #comedy,30,,street interview
oWOsJFGlaJ0,"????Do You Think You＊re Beautiful? | Street Interview in Cebu, Philippines",30,,street interview
NrBdfuRUAkk,Street Style Masala Pav ASMR || #shorts #asmr #recipe #indianasmrworld #streetfood #asmrvideo,47,,street interview
15kffSkpD1o,Ranking Best Filipino Street Interviews ??,57,,street interview
JRK8SwWPROA,Ranking the Most Hilarious Interview Fails (Part 2),40,,street interview
WsTCsInh5d4,Ranking Best Filipino Street Interviews (Part 9),58,,street interview
LBEK0qqty2c,Ranking Funny Street Interviews (Part 2)?? #shorts  #funny  #viralvideo,54,,street interview
HiNQEoxgBIs,Ranking Best Filipino Street Interviews (Part 2),60,,street interview
G_rZ7vbcd7Y,Ranking Best Filipino Street Interviews (Part 11),55,,street interview
OMIX1cgTciM,Ranking Most Unexpected Interview Answers,40,,street interview
p1ipTOSixjM,Don Lemon EMBARRASSED In Street Interview,180,,street interview
wrScA3O5RV0,Ranking The Funniest Street Interview,50,,street interview
7mqV-DdhKLU,Ranking Best Would You Rather Answers (Street Interview),31,,street interview
hE4a7TMFsmc,"Money, Personality, or Looks?? ?? Pt. 4 | Street Interview #shorts",36,,street interview
3uI5VExg4LU,Ranking Most Unexpected Funny Street Interview Answers,42,,street interview
9wSJ4_mZAN4,science project || kids science project || science day || primary school students ||,42,,science experiment
w3IzYOCsIdE,"exposing even more ""brain rot"" science experiments",56,,science experiment
6xHbTYCOUMc,Easy Science Experiments l Why Neel Floats in Salt Water? | Density Science Experiment for Kids,48,,science experiment
L4pEorJZ1a0,Demonstrating atmospheric pressure ???? #science #physics #scienceexperiment #sciencefacts,30,,science experiment
iEx2gtVzVsM,Fun Science Experiment: Make Emojis Dance in 1 Minute! ????,32,,science experiment
05vfNWH3_QM,Touching mercury,39,,science experiment
ZYqrLi_T0ds,Sodium Metal + Water = ?? #science #experiment #scienceexperiment,61,,science experiment
SiTgNVoVLy8,Ap kya katoge isse ?? ? Science experiment #experiment #ashusir #scienceandfun #funny  #ashortaday,59,,science experiment
xNN1kOHNvQ8,Smoking Jaanleva Dekh Lo | Science Experiment #ashusir #scienceandfun #short,57,,science experiment
c4vPx1KL5JA,Science project for class 8th students working model easy science exhibition projects class,60,,science experiment
Ipd3YscHOV8,Sodium Vs Slime I Science Experiment #scienceandfun #ashusir #experiment #shorts #ytshorts,59,,science experiment
HftB2QbBfmg,Balloon Spinner a Toy #scienceexperiment #sciencefun,60,,science experiment
zBbiaOI28s8,Khatarnaak Experiment Ho Gaya | Science Experiment #ashusir #experiment #science #scienceandfun,48,,science experiment
7laYSv1ZObk,2 Easy Experiments for School | Easy Science Experiments to do at School,291,,science experiment
Jpa_iOC5FEs,Rainbow Bubbles!! #science #experiment #rainbow,59,,science experiment
F29iQ7FRRSI,How To Make Smoke Bubble | Science Experiment | #shorts#experiment #youtubeshorts #shortsfeed,40,,science experiment
7AEgU__9auc,Easy Science experiment for kids at home #shortsvideo #scienceexperiment,34,,science experiment
DIKFKz_2500,Testing the Worlds Dumbest Science Experiments,59,,science experiment
7dkmP3gSqHA,I Tested Supercooled Water!,30,,science experiment
5ZOFnZSG80w,Floating Fish Experiment /Easy science experiments / fun experiments for kids kidseasylearning,36,,science experiment
YPXriXVLsWA,"Meet the queen termite, nature's unrivaled productivity. #wildlife #animals #shorts",128,,nature documentary
RbY3AlaEUGI,Nature Documentary : 67,142,,nature documentary
Dd_HNceT7Ks,Why Do Baboons Kidnap Lion Cubs?,53,,nature documentary
KgB3atAavuM,Nature Documentary : Kracc Bacc,78,,nature documentary
zLq4CeDo8oI,They STOLE $45 Trillion From INDIA - How RICHEST COUNTRY On Earth Turned To Middle Ranked #shorts,50,,nature documentary
h5wx1te_MLI,My most bizarre yoinks #snake#wildlife#anaconda#python#crazy#animals#funny#crocodile#shorts#nature,97,,nature documentary
tGQ1KBJPdDk,No wonder they're nature's most famous builders. #wildlife #animals #shorts,115,,nature documentary
o2PRp02Y0Ng,Animals that cause their own deaths part 2. #facts #animalfacts #wildlife,48,,nature documentary
CovqPlxxtuY,There's nothing more devastating than waking up in a room surrounded by water. #wildlife #animals,98,,nature documentary
Y0qY-aO-r_k,Liger | The Biggest Cat On Our Earth,59,,nature documentary
1p6QDjwy5mo,Sketchiest yoinks! #snake#animals#wildlife#nature#shorts#viralvideo#venom#professional#conservation,61,,nature documentary
K_Ndk6gPy0M,Catching the culprit that broke my camera #wildlife #mystery #trailcam,56,,nature documentary
rMgZ0fmij7k,Their attack speed is 12 times faster than the blink of an eye. Don't underestimate him. #animals,126,,nature documentary
XJhG1aC5dWs,1 VS 7??I FOUND 1000 IQ PLAYER?? | GARENA FREE FIRE #shorts #youtubeshorts,53,,gaming
111k_-oNEkc,Collection Vs Raistar ???? || WAIT FOR END || #shorts #freefire #gaming,55,,gaming
2HCY0u_csI4,The Ultimate White Gaming PC Build?? RYZEN 9 9950X3D + RTX 5060Ti?? #pcbuild #gaming #asmr #rtx #amd,178,,gaming
sw-xolURA84,ASUS ROG ASTRAL GAMING PC BUILD?? RYZEN 9 9950X3D and RTX 5090?? #pcbuild #gaming #asmr #rtx #amd,178,,gaming
f2dOKODKeQo,$100 Gaming Set Up,63,,gaming
ilFaxg5q_1A,MIGUEL ROJAS HITS A GAME-TYING HOME RUN IN THE 9TH INNING OF WORLD SERIES GAME 7!,280,,gaming
SdgSnTDAnUA,Grand Theft Auto VI - Final Trailer (2026) Rockstar Games,70,,gaming
c2ukL_zjFCk,Extreme Helmet Game,32,,gaming
bBHUA5uRooI,I got a $550 gaming chair in 2025＃ #c#carterpcst#techtechtok #gaming #gamingchair,46,,gaming
_0uDlkzYzKc,POV: You fell into Squid Game pt. 3 ??  #NetflixPartner #SquidGame,60,,gaming
Yld2TNWjGvY,Benefits Of Gaming ??,47,,gaming
QzN1QcAcb2E,Scam 2050 in Free Fire ?? #shorts #tondegamer,44,,gaming
Z8aQQ1ESIDs,IPHONE vs SAMSUNG ?? FREE FIRE TEST,35,,gaming
8DggeG2pMU4,Age of Apes ads review new level: Monkey empire #gaming #gameape #games,54,,gaming
9jRcRJYmp1k,100 Years of Gaming,234,,gaming
4s3aXqo7uhM,Why Pocket Edition Dont Have Offhand Feature,53,,gaming
JLkiWbv2BE8,Saja Boys in Squid Game,44,,gaming
mXOfXMNEpwM,Roblox BANNED These Games..,38,,gaming
x-MxkUSAZjI,Neega mudhu puncher play panirukigala?? ? #shorts #shortvideo #shortsfeed #trending #games #funny ?,59,,gaming
BfbLpviMMRE,I learned this with a friend from Italy! From now on I only cook noodles like this,60,,cooking recipe
rZWk1eH3p18,Egg boiled cook recipe #cookingtv #food #cooking #recipe #shortvideo #shorts,59,,cooking recipe
0Ccf8Wr35zE,Do you know about this #cooking #recipe #foodasmr #food,32,,cooking recipe
GQvQAqIHRwU,Let＊s make Tehri ???? | Cook with Swat #tehri #tehrirecipe #cooking #recipe #cookingvideo #rice,55,,cooking recipe
54-s5T5sC_o,Can you tell what this is #cooking #recipe #foodasmr #food,47,,cooking recipe
YOOW7fwiKi0,Rice fry #food #besan #cookinghacks #recipe #kitchentips #cooking #cookingadvice #foodie,181,,cooking recipe
8367_C74Wws,Extra Cheesy Garlic Bread Recipe?? #shorts #trending #viralvideo #garlicbread,37,,cooking recipe
tnk6tS5CHTI,It＊s easier than it looks #cooking #recipe #foodasmr #food,37,,cooking recipe
v2oHa5oxM00,New Chocolate dessert recipe by food ward fyz,42,,cooking recipe
C2xGnLZxZKQ,Amritsari Kulcha ASMR Cooking || #shorts #food #cooking #asmr #recipe #indianasmrworld #streetfood,58,,cooking recipe
gcXcB_Sl4uw,Chicken Spaghetti Recipe By Misbah＊s Kitchen,59,,cooking recipe
5oI-qMCZ5dM,Puffed Rice Ball,31,,cooking recipe
c6WcA_UGHcQ,Instant Bread bites ?? ASMR Cooking ?? #shorts #asmr #food #cooking #breadbites #shricooking #recipe,32,,cooking recipe
5yHyXAE_xE0,Water ?? #shorts #recipe,35,,cooking recipe
5Nmi6BAVDN0,Food 6 years ago #cooking #recipe #foodasmr #food,41,,cooking recipe
xdBYydajeGo,Palabok overload ?? ??,60,,cooking recipe
EeuRbuqV_4k,Perfect loaded fries #foodasmr #food #recipe #cooking,42,,cooking recipe
BLMkwwgYTu0,Don＊t work harder #food #cooking #recipe #foodasmr,36,,cooking recipe
1pislWvNtEk,Dahi ke sholey recipe!!! #shorts #youtubeshorts #food #recipe,54,,cooking recipe
RBBm__1DHvE,Spicy Aloo Tuk ASMR Cooking || #shorts #food #asmr #recipe #indianasmrworld #streetfood #snacks,38,,cooking recipe
7_HstcdeaTk,Unbelievable History Facts That Will Shock You,47,,history facts
SfoCe-cZqoI,Weird and Bizarre History Facts #shorts #history,55,,history facts
7v2GROjdKb8,One bizarre facts about every King and Queen of England (Part 2),58,,history facts
T9QQ39beE60,The Civilization That Actually Shaped Europe,60,,history facts
ipifP6VHtlM,???????? ???? ?????? ????? ??? #facts   #shortvideo #shorts #mahabharat,56,,history facts
VSJzviqMO7k,Amazing Facts About Multinational Companies #shorts,56,,history facts
fky3d1Q-KeI,What If the British Empire Reunited in 2025 ?? ?? #shorts #history #facts #mapping #maps,33,,history facts
dMD7ivjfm7w,One fact for every US president (part 3),47,,history facts
chOZYtmloI4,Craziest Facts About Ancient Egypt #shorts #factsmine,54,,history facts
OxSXfFEh9-Q,The Craziest Laws From 2000 Years Ago,38,,history facts
xcixR0tKGu0,Random History Facts to Blow Your Mind #shorts #shortsvideo #facts #history #trivia #interesting,44,,history facts
s_gjeDXVJ6s,The Untold History of the Israel-Palestine War,48,,history facts
gfSha_pmIcU,Facts That Will Mess With Your Perception Of Time #7,31,,history facts
TIztrPNcXVU,Crazy Facts About Historical Figures #shorts #history,50,,history facts
hD-qoiF6msM,Worst ways to die in history (part 5),59,,history facts
Ag1GPVsQy3U,Reality of OSHO | History Facts Day-36/75 #shorts,47,,history facts
Xv-_c3WtY8M,Crazy Facts About Queen Cleopatra ???? #history #shorts #cleopatra,45,,history facts
n0qaTHv1nMQ,10 Hidden Black History Facts | They Never Taught You This!,170,,history facts
BKHcuUqDvcg,British brought Vaccines to India?? | Keerthi History                        #facts #shorts #history,64,,history facts
BagaE-Ze4TM,Mini Vlog : Exploring Udaipur In 3 days | Best Udaipur Itinerary ??? #youtubeshorts #shorts,60,,travel vlog
_G0sZh8n-Ns,FIRST CLASS train FOOD in India #hindi #train,60,,travel vlog
b362V-Hhr7Q,"Japan itinerary, budget for Japan trip ?",49,,travel vlog
K5KREigN1mU,Sudan Travel Vlog | Facts about Sudan |  #clockwork #travelvlog #facts #sudan,65,,travel vlog
IDhiX2yF4Z4,This country shocked me! #srilanka  #colombo #srilankatravel #travelvlog #travel,61,,travel vlog
YIhZBsfff1U,#126 Train journey Continues | Kochi to Madurai,51,,travel vlog
39Vo3tqnVdM,Marriage ku polama??? Train journey to KERALA???? ft.@Jenni_MJ  #minivlog #ytshorts #missmiracle,60,,travel vlog
j-iU2yc1JmQ,Pehli Baar Dubai,60,,travel vlog
fSzVVTLqLjU,I travelled 7 countries with only 50 thousand rupees  #ytshorts #minivlog #vlog,72,,travel vlog
g02Xk_DKHuQ,Welcome to GOA Singham!＃ first #akashdodeja #simrandhanwani #shorts #youtubeshorts #travelvlog,61,,travel vlog
u8szMytNRG4,#518 Train journey from Mumbai to Kochi | Travelling in 3 EC,60,,travel vlog
t64X-ADVQG8,Travel with us to the village for a funeral #travelvlog #viral #vlog g,125,,travel vlog
6vscdv2wzFQ,WHAT I ATE IN A DAY ???? travel edition!!,49,,travel vlog
uYHKbyiKYRk,#377 Journey to Jagannath Puri begins,54,,travel vlog
BYR92FF2mGE,Nothing to keep my headphones on anymore ?? #travel #vlog,82,,travel vlog
2aYek-IqKWQ,Manali train trip vlog??,50,,travel vlog
9o13uFvFPYk,travel vlog! fly home with me from nyc!,107,,travel vlog
_Uda1bvNoYI,#520 Reached back KOCHI | Train Journey ENDS,60,,travel vlog
zYTIGxbp54U,Travel vlog plus my first day in Pakistan #minivlog #travel #pakistan #UK #cleaning #cooking,126,,travel vlog
CYKXQfJcRPI,THAILAND #minivlog #shorts #ashortaday #travel #thailand,62,,travel vlog
_LTyJ49uGOM,Luke Combs & Alex Warren - Ordinary (Live at Lollapalooza),275,,music live
PboALhmuYws,sombr: back to friends | The Tonight Show Starring Jimmy Fallon,274,,music live
RnDDQ9CY-1I,Dido - White Flag (Live 8 2005),238,,music live
5My4eQCH_1M,Sia Live Performance Of Unstoppable! #shorts #trending #music #sia #unstoppable #hollywood #concert,59,,music live
3aaDTSAYxg4,BINI - Huwag Muna Tayong Umuwi | One Music LIVE,296,,music live
DGqmtQNk5kk,Caught Up (Vandelux Remix),224,,music live
l5mkiynX-j0,Gracie Abrams: ※I Told You Things§ (Apple Music Live 2025),234,,music live
NgPckIb7Q6M,R. Kelly ??sings at Soul Train Live #music #artist,55,,music live
ut_x4g8mhk8,Stay Tuned - Music (LIVE) | Netherlands ???? | Junior Eurovision 2024 | #JESC2024,167,,music live
l62Khmm5SrI,"Lady Antebellum sings ""Islands In The Stream"" Live Concert Performance 2019 HD 1080p Dolly Parton",226,,music live
e9h8tqDgBl0,Selos sweet notes music live #duet #sweetnotes #musicstyle,60,,music live
Hq8gvBzHuwo,Playing Royalty live NEVER gets old! #shorts #music #livemusic #royalty,30,,music live
ffcitRgiNDs,Adele - Easy On Me (Live at the NRJ Awards 2021),228,,music live
sT48CB0JSkw,Climbing this nearly vertical wall requires incredible climbing skills. #wildlife #animals #shorts,102,,wildlife
toYY0dFEfpw,Day 1 on Safari #hindi #safari #travelvlog,108,,wildlife
2XYviYUkKAs,Whispers of Resilience: A Forest＊s Embrace in Winter＊s Grip,57,,wildlife
erXVBckvE1c,Rarest animal of different countries!,60,,wildlife
wZPKfybOpYc,Brave Team helps Penguin by removing barnacles ????,32,,wildlife
kTE4jtp4W0I,9 Animal Facts That Will Make You Think Twice! #AnimalFacts #Wildlife #Facts,55,,wildlife
C58nv6TjODA,Animals with superpowers #facts #animals #wildlife,44,,wildlife
SaizmHvM0jU,The ※Extinct§ Javan Tiger Is Still Alive!,35,,wildlife
6HlNnMVOwlo,This Indian Animal Worth ?8 Crores ??,30,,wildlife
Zlqb4gkxOQA,This Billionaire is Creating the World＊s Best Animal Sanctuary,57,,wildlife
TirQ9l1hPXQ,Wildlife Expert Reacts To Animals,32,,wildlife
fOiZFC1_ieo,"""Eurasian Lynx Asks A Man To Save Its Cub"" #animals #rescue #wildlife",39,,wildlife
7fCQeqxnI3Y,The Super Dad of the Wild#wildlife #animals #shorts #video,83,,wildlife
mxj3GvY_cDk,Wildlife experts,47,,wildlife
l15SXnPhy-c,"Cheetah vs Wild Animals (Lion, Tiger, Black Panther, Snow Leopard, Elephant, Gorilla, Anaconda, Wolf",30,,wildlife
DleUnXfvuyw,Black Dog Takes Revenge on Wild Boar#shorts #animals #wildlife #fyp,60,,wildlife
KOmtO5_9g_c,The cricket's ultimate fate was truly unexpected. #wildlife #animals #shorts,113,,wildlife
OzmCRNRk9ME,Apple and Cinnamon Cake in a Rural Style??,60,,wildlife
_tOFt7sTHbU,Easy diy pipe cleaner lavender flower  | fuzzy wire flower tutorial #handmadeflower #flowerscraft,53,,DIY tutorial
IJacmqipTPY,beautiful rose crafts tutorial | diy pipe cleaner flowers | fuzzy wire flowers #handmadediy #crafts,41,,DIY tutorial
gqWG41ADXgY,DIY Invisible Ink!,32,,DIY tutorial
o32RmD4AFjY,How to make paper butterfly / origami butterfly / paper craft / butterfly @WorldOfArtAndCraft,60,,DIY tutorial
UofY6lOQ-q0,How To Use A Hot Glue Gun (Full Tutorial),226,,DIY tutorial
3l_frT5T9JM,Grab a Dollar Tree HULA HOOP for this GENIUS hack! #shorts,54,,DIY tutorial
08rQzz0DeP4,Make doughnuts easily at home!,58,,DIY tutorial
R_mNLsRHvRc,ice cream stand restock!???? #asmr #papercraft #cardboardcraft #diy #tutorial #icecream #shorts,61,,DIY tutorial
hL9rAEz0buo,DIY candy machine,30,,DIY tutorial
FkMWjuQ1RKU,Trash to Cash: Tile Table DIY #diy #interiordesign #makeover #transformation #homedecor #thrifted,38,,DIY tutorial
5N8i9H2rAgA,Tufted Bench DIY! $30 vs $474 #diy #dollartreediy #homedecor,60,,DIY tutorial
RZqKBDsUXzk,How to sew a cute & easy knotted headband #shorts #sewingshorts #youtube shorts,59,,DIY tutorial
mPdQIJQDZK4,Diy squishmallow tutorial #squishmallow #diy #paper #squishy #squish #tutorial #howto,55,,DIY tutorial
jo07zAnKodg,Tutorial: 3D fabric flowers #Shorts,31,,DIY tutorial
rAM1EZZC_ns,DIY Reusable Painting Bunny Board for Kids! ?? ??,35,,DIY tutorial
bTWUFWNTvgc,Making a Coffee Table for my studio ?? #diy #tutorial #diycrafts #papiermache,34,,DIY tutorial
n-uTeK0Vwow,How to sew piping (sewing tutorial),38,,DIY tutorial
ilfi9r6Q8Vo,Dad is a Craft Master! ?? DIY Paper Phone Activity for Kids #kidsvideo,49,,DIY tutorial
1Wba5BJDXFo,???? Blooming flower diy tutorial ??? #paperengineering #diy #crafts,45,,DIY tutorial
2AH--A8wcTc,How to Carve a Pumpkin like a Pro - Easy Halloween DIY by Warren Nash,131,,DIY tutorial
ZBznPh51vvw,City Tour Cusco ??// Itinerario?,32,,city tour
NWIHICCRYOs,The Craziest City in the World?? | Chongqing City,36,,city tour
52GbRnMYeY0,Baby Jogger City Tour Stroller 2016 | New | Most Popular | Best Strollers | Reviews,114,,city tour
I1a_UBrfdII,"Hop-On Hop-Off Sightseeing Tour in Rome, Italy",128,,city tour
plDirbEb6Y8,"Tokyo, Japan Guided Tour in 360 VR (teaser) - Virtual City Trip -  8K 360 3D",35,,city tour
mzceJDguN1E,"Montreal is a gem, and the perfect city to visit for a few days #travel #montreal",60,,city tour
Fzivlh14Igs,City Tour,140,,city tour
1IoRFM92YQ8,"Constant (LIVE AT MAVERICK CITY) Jordin Sparks, Anthony Gargiula , feat. Chandler Mooore",297,,city tour
WsHs93D4Vq0,Istanbul in One-Day Sightseeing Tour,145,,city tour
3F932ujumWM,"Paris City Tour by Minivan, Seine River Cruise and Eiffel Tower",139,,city tour
plN-CMVHD-Q,Palma de Mallorca Spain ???? city tour#youtubeshorts#travelvlog#,32,,city tour
QWH6UyPO_7A,White Cat's Magical Night City Tour ? Enchanted Urban Adventure | Kids Animation Story,30,,city tour
2SJMtRb4ly4,I travelled to Best City of World ?? Amsterdam #myfirstvlog #travelvlog #shorts #europe,62,,city tour
EHvTgW3UiW8,Let＊s get ready with me for Ancient City Tour ?? Bangkok  #styling #grwm #makeup,46,,city tour
h6BC2pjVUtI,6E Tours | City Tour Chennai | Cabin Crew | IndiGo 6E,37,,city tour
kF3fdr7qwsc,Train Journey to a Hot City ?? #train #trainjourney #jagritipahwa #minivlog #hotcity #hotel,64,,city tour
69AZXiP34AY,Official Adventure City Tour,116,,city tour
_cRqOUHskFs,"Big Bus Hop-on Hop-off Tour in New York City, New York",118,,city tour
8YyIzv3Ibp4,20mins workout for school and college students !,59,,fitness workout
aqS52AbKFTE,Get Abs in 30 days ??% challenge ????. #shorts #gym #abs #workout #exercise,31,,fitness workout
Tyc_edbZbjM,5-Minute Fitness Workout for Beginners #homeworkout #beginnerworkout #fitness #exercise,42,,fitness workout
XQGmB3DpS2k,Full body fat loss workout.,47,,fitness workout
OlMN75a-OwI,Full Body Insanity Dumbbell Circuit. Try if you dare ???? #fitness #hiit #workout,32,,fitness workout
nPkAej6AROE,Belly and side fat workout.,43,,fitness workout
r_0HA9HPtFk,3 simple workout to build your chest ????﹥?,43,,fitness workout
X7Nkm-umCBI,40 minutes and one kettlebell for a full body strength workout. #kettlebell #fitness #workout,37,,fitness workout
PbtkkwIeH4s,300 workout! Dumbbell only | Upper body workout ?? #fitness,31,,fitness workout
2f461w0UOFc,THIS Exercise for SERIOUS BENEFITS ?? ??,33,,fitness workout
pbXc5E2tHOE,Muscle Building Vs Strength Training,57,,fitness workout
WFGcgs0YWS8,?? Top 7 Cardio Workouts For Extream Fat Loss ( No Equipment ) #weightloss #viral #shorts,42,,fitness workout
zeHSxvNNRf4,??  EXERCISES To Lose Belly FAT ??,56,,fitness workout
RNMhjDPk4s,Getting results at home. Epic legs & glutes workout. #fitness #workout #legday  #homeworkout #viral,51,,fitness workout
46Ae9zoLEcg,The Best Leg Exercises,60,,fitness workout
BAOpMmOB2bU,Hand Power Workout????  #hand #power #fitness #workout,31,,fitness workout
IswoUe3G3G0,Morning routine ??#ankitbaiyanpuria  #workout #fitness #motivation,37,,fitness workout
N5hHGscHU6g,Lower Belly fat workout.,36,,fitness workout
